{"1/km": {"PCC": 0.64640141659356498, "model_score": 0.26347996103459947}, "kcat": {"PCC": 0.68884675467528889, "model_score": 0.34330058171870637}, "kcat/km": {"PCC": 0.66537867976832643, "model_score": 0.30715571129340835}}