{"1/km": {"PCC": 0.58936666183486197, "model_score": 0.32388374164922673}, "kcat": {"PCC": 0.57925013093000044, "model_score": 0.31841132486633594}, "kcat/km": {"PCC": 0.61974563593753196, "model_score": 0.36827684951134387}}