{"1/km": {"PCC": 0.59194860274260397, "model_score": 0.32730742633104914}, "kcat": {"PCC": 0.57935310195245071, "model_score": 0.31841362250085192}, "kcat/km": {"PCC": 0.61910081518651527, "model_score": 0.36715013346854747}}