{"1/km": {"PCC": 0.59076348956485869, "model_score": 0.32225495164550644}, "kcat": {"PCC": 0.68621772539234771, "model_score": 0.44501264628195569}, "kcat/km": {"PCC": 0.70033322435639556, "model_score": 0.46650406032431013}}