{"1/km": {"PCC": 0.59345306582696433, "model_score": 0.32510552594643571}, "kcat": {"PCC": 0.64170236680374404, "model_score": 0.38466104370765286}, "kcat/km": {"PCC": 0.66351933984436529, "model_score": 0.41335620168857451}}